<?xml version="1.0" encoding="UTF-8" standalone="yes"?>
<m2m:conf xmlns:m2m="http://www.onem2m.org/xml/protocols" xmlns:xsi="http://www.w3.org/2001/XMLSchema-instance">
    <cse>
        <cbhost>localhost</cbhost>
        <cbport>7579</cbport>
        <cbname>mobius</cbname>
    </cse>
    <ae>
        <appid>0.2.481.1.0001.001.75797777</appid>
        <appname>ryeubi2</appname>
        <appport>9727</appport> <!-- for notification through http -->
        <appprotocol>json</appprotocol>
        <tasport>3105</tasport>
    </ae>
    <cnt>
        <parentpath>/ryeubi2</parentpath>
        <ctname>homepot01</ctname>
    </cnt>
    <cnt>
        <parentpath>/ryeubi2/homepot01</parentpath>
        <ctname>homepot01_ctrl</ctname>
    </cnt>
    <cnt>
        <parentpath>/ryeubi2</parentpath>
        <ctname>cnt_2</ctname>
    </cnt>
    <cnt>
        <parentpath>/ryeubi2</parentpath>
        <ctname>cnt_2</ctname>
    </cnt>
    <sub>
        <parentpath>/ryeubi2/cnt_2</parentpath>
        <subname>sub_4</subname>
        <nu>mqtt://AUTOSET</nu>
        <!--<nu>http://autoset/notification</nu>-->
    </sub>
    <sub>
        <parentpath>/ryeubi2/homepot01_ctrl</parentpath>
        <subname>sub_1</subname>
        <nu>mqtt://AUTOSET</nu>
        <!--<nu>http://<my_ip>:<myport>/notification</nu>-->
        <!--<nu>mqtt://<broker_ip>/<AE-ID></nu>-->
        <!--<nu>mqtt://203.254.173.104/S0.2.481.1.20160504020908620</nu>-->
    </sub>
</m2m:conf>
