<?xml version="1.0" encoding="UTF-8" standalone="yes"?>
<m2m:conf xmlns:m2m="http://www.onem2m.org/xml/protocols" xmlns:xsi="http://www.w3.org/2001/XMLSchema-instance">
    <mqtt>
        <broker>localhost</broker>
    </mqtt>
    <cse>
        <cbcseid>/mobius</cbcseid>
        <cbname>mobius</cbname>
    </cse>
    <ae>
        <appid>0.2.481.1.0001.001.75797579</appid>
        <appname>AE_5</appname>
        <appprotocol>xml</appprotocol>
        <tasport>3106</tasport>
    </ae>
    <cnt>
        <parentpath>/AE_5</parentpath>
        <ctname>cnt_4</ctname>
    </cnt>
    <cnt>
        <parentpath>/AE_5</parentpath>
        <ctname>cnt_2</ctname>
    </cnt>
    <sub>
        <parentpath>/AE_5/cnt_2</parentpath>
        <subname>sub_5</subname>
        <nu>mqtt://AUTOSET</nu>
    </sub>
</m2m:conf>
